DateID,OrderDate
1,01/01/20
2,1/2/2020
3,1/3/2020
4,01/04/20
5,1/5/2020
6,1/6/2020
7,01/07/20
8,1/8/2020
9,1/9/2020
10,01/10/20
11,01/11/20
12,1/12/2020
13,1/13/2020
14,01/14/20
15,1/15/2020
16,1/16/2020
17,01/17/20
18,1/18/2020
19,1/19/2020
20,01/20/20
21,01/21/20
22,1/22/2020
23,1/23/2020
24,01/24/20
25,1/25/2020
26,1/26/2020
27,01/27/20
28,1/28/2020
29,1/29/2020
30,01/30/20
31,01/31/20
32,02/01/20
33,2/2/2020
34,2/3/2020
35,02/04/20
36,02/05/20
37,2/6/2020
38,2/7/2020
39,02/08/20
40,2/9/2020
41,2/10/2020
42,02/11/20
43,2/12/2020
44,2/13/2020
45,02/14/20
46,02/15/20
47,2/16/2020
48,2/17/2020
49,02/18/20
50,2/19/2020
51,2/20/2020
52,02/21/20
53,2/22/2020
54,2/23/2020
55,02/24/20
56,02/25/20
57,2/26/2020
58,2/27/2020
59,02/28/20
60,2/29/2020
61,3/1/2020
62,03/02/20
63,3/3/2020
64,3/4/2020
65,03/05/20
66,03/06/20
67,03/07/20
68,3/8/2020
69,3/9/2020
70,03/10/20
71,03/11/20
72,3/12/2020
73,3/13/2020
74,03/14/20
75,3/15/2020
76,3/16/2020
77,03/17/20
78,3/18/2020
79,3/19/2020
80,03/20/20
81,03/21/20
82,3/22/2020
83,3/23/2020
84,03/24/20
85,3/25/2020
86,3/26/2020
87,03/27/20
88,3/28/2020
89,3/29/2020
90,03/30/20
91,03/31/20
92,4/1/2020
93,4/2/2020
94,04/03/20
95,4/4/2020
96,4/5/2020
97,04/06/20
98,4/7/2020
99,4/8/2020
100,04/09/20
101,04/10/20
102,04/11/20
103,4/12/2020
104,4/13/2020
105,04/14/20
106,04/15/20
107,4/16/2020
108,4/17/2020
109,04/18/20
110,4/19/2020
111,4/20/2020
112,04/21/20
113,4/22/2020
114,4/23/2020
115,04/24/20
116,04/25/20
117,4/26/2020
118,4/27/2020
119,04/28/20
120,4/29/2020
121,4/30/2020
122,05/01/20
123,5/2/2020
124,5/3/2020
125,05/04/20
126,05/05/20
127,5/6/2020
128,5/7/2020
129,05/08/20
130,5/9/2020
131,5/10/2020
132,05/11/20
133,5/12/2020
134,5/13/2020
135,05/14/20
136,05/15/20
137,05/16/20
138,5/17/2020
139,5/18/2020
140,05/19/20
141,05/20/20
142,5/21/2020
143,5/22/2020
144,05/23/20
145,5/24/2020
146,5/25/2020
147,05/26/20
148,5/27/2020
149,5/28/2020
150,05/29/20
151,05/30/20
152,5/31/2020
153,6/1/2020
154,06/02/20
155,6/3/2020
156,6/4/2020
157,06/05/20
158,6/6/2020
159,6/7/2020
160,06/08/20
161,06/09/20
162,6/10/2020
163,6/11/2020
164,06/12/20
165,6/13/2020
166,6/14/2020
167,06/15/20
168,6/16/2020
169,6/17/2020
170,06/18/20
171,06/19/20
172,06/20/20
173,6/21/2020
174,6/22/2020
175,06/23/20
176,06/24/20
177,6/25/2020
178,6/26/2020
179,06/27/20
180,6/28/2020
181,6/29/2020
182,06/30/20
183,7/1/2020
184,7/2/2020
185,07/03/20
186,07/04/20
187,7/5/2020
188,7/6/2020
189,07/07/20
190,7/8/2020
191,7/9/2020
192,07/10/20
193,7/11/2020
194,7/12/2020
195,07/13/20
196,07/14/20
197,7/15/2020
198,7/16/2020
199,07/17/20
200,7/18/2020
201,7/19/2020
202,07/20/20
203,7/21/2020
204,7/22/2020
205,07/23/20
206,07/24/20
207,07/25/20
208,7/26/2020
209,7/27/2020
210,07/28/20
211,07/29/20
212,7/30/2020
213,7/31/2020
214,08/01/20
215,8/2/2020
216,8/3/2020
217,08/04/20
218,8/5/2020
219,8/6/2020
220,08/07/20
221,08/08/20
222,8/9/2020
223,8/10/2020
224,08/11/20
225,8/12/2020
226,8/13/2020
227,08/14/20
228,8/15/2020
229,8/16/2020
230,08/17/20
231,08/18/20
232,8/19/2020
233,8/20/2020
234,08/21/20
235,8/22/2020
236,8/23/2020
237,08/24/20
238,8/25/2020
239,8/26/2020
240,08/27/20
241,08/28/20
242,08/29/20
243,8/30/2020
244,8/31/2020
245,09/01/20
246,09/02/20
247,9/3/2020
248,9/4/2020
249,09/05/20
250,9/6/2020
251,9/7/2020
252,09/08/20
253,9/9/2020
254,9/10/2020
255,09/11/20
256,09/12/20
257,9/13/2020
258,9/14/2020
259,09/15/20
260,9/16/2020
261,9/17/2020
262,09/18/20
263,9/19/2020
264,9/20/2020
265,09/21/20
266,09/22/20
267,9/23/2020
268,9/24/2020
269,09/25/20
270,9/26/2020
271,9/27/2020
272,09/28/20
273,9/29/2020
274,9/30/2020
275,10/01/20
276,10/02/20
277,10/03/20
278,10/4/2020
279,10/5/2020
280,10/06/20
281,10/07/20
282,10/8/2020
283,10/9/2020
284,10/10/20
285,10/11/2020
286,10/12/2020
287,10/13/20
288,10/14/2020
289,10/15/2020
290,10/16/20
291,10/17/20
292,10/18/2020
293,10/19/2020
294,10/20/20
295,10/21/2020
296,10/22/2020
297,10/23/20
298,10/24/2020
299,10/25/2020
300,10/26/20
301,10/27/20
302,10/28/2020
303,10/29/2020
304,10/30/20
305,10/31/2020
306,11/1/2020
307,11/02/20
308,11/3/2020
309,11/4/2020
310,11/05/20
311,11/06/20
312,11/07/20
313,11/8/2020
314,11/9/2020
315,11/10/20
316,11/11/20
317,11/12/2020
318,11/13/2020
319,11/14/20
320,11/15/2020
321,11/16/2020
322,11/17/20
323,11/18/2020
324,11/19/2020
325,11/20/20
326,11/21/20
327,11/22/2020
328,11/23/2020
329,11/24/20
330,11/25/2020
331,11/26/2020
332,11/27/20
333,11/28/2020
334,11/29/2020
335,11/30/20
336,12/01/20
337,12/2/2020
338,12/3/2020
339,12/04/20
340,12/5/2020
341,12/6/2020
342,12/07/20
343,12/8/2020
344,12/9/2020
345,12/10/20
346,12/11/20
347,12/12/20
348,12/13/2020
349,12/14/2020
350,12/15/20
351,12/16/20
352,12/17/2020
353,12/18/2020
354,12/19/20
355,12/20/2020
356,12/21/2020
357,12/22/20
358,12/23/2020
359,12/24/2020
360,12/25/20
361,12/26/20
362,12/27/2020
363,12/28/2020
364,12/29/20
365,12/30/2020
